"Run Number","Client Number","Policy Number","Policy Role Code","Policy Role Description","Role Sequence","Retirement Date"
453739,"1000470224",2104865,"LFI","Life Insured",1,20991231
453739,"1000470224",2104865,"OWN","Owner",1,0
453739,"1000747839",2105439,"LFI","Life Insured",1,20991231
453739,"1000747839",2105439,"OWN","Owner",1,0
453739,"1000992057",2108624,"LFI","Life Insured",1,20991231
453739,"1000992057",2108624,"OWN","Owner",1,0
453739,"1000585661",2129973,"LFI","Life Insured",1,20991231
453739,"1000585661",2129973,"OWN","Owner",1,0
453739,"1000989001",2134561,"LFI","Life Insured",1,20991231
453739,"1000989001",2134561,"OWN","Owner",1,0
453739,"1001178479",2138876,"LFI","Life Insured",1,20991231
453739,"1001178479",2138876,"OWN","Owner",1,0
453739,"1000612993",2140098,"LFI","Life Insured",1,20991231
453739,"1000612993",2140098,"OWN","Owner",1,0
453739,"1001192701",2144809,"LFI","Life Insured",1,20991231
453739,"1001192701",2144809,"OWN","Owner",1,0
453739,"1001192701",2144817,"LFI","Life Insured",1,20991231
453739,"1001192701",2144817,"OWN","Owner",1,0
453739,"1001192789",2144884,"LFI","Life Insured",1,20991231
453739,"1001192789",2144884,"OWN","Owner",1,0
453739,"1001196456",2145945,"LFI","Life Insured",1,20991231
453739,"1001196456",2145945,"OWN","Owner",1,0
453739,"1000962220",2148642,"LFI","Life Insured",1,20991231
453739,"1000962220",2148642,"OWN","Owner",1,0
453739,"1000962221",2148642,"LFI","Life Insured",2,20991231
453739,"1000962221",2148642,"OWN","Owner",2,0
453739,"1001259502",2160610,"LFI","Life Insured",1,20991231
453739,"1001259502",2160610,"OWN","Owner",1,0
453739,"1001106519",2163188,"LFI","Life Insured",1,20991231
453739,"1001106519",2163188,"OWN","Owner",1,0
453739,"1001273943",2163188,"LFI","Life Insured",2,20991231
453739,"1001273943",2163188,"OWN","Owner",2,0
453739,"1000762910",2173921,"LFI","Life Insured",1,20991231
453739,"1000762910",2173921,"OWN","Owner",1,0
453739,"1000763339",2174154,"LFI","Life Insured",1,20991231
453739,"1000763339",2174154,"OWN","Owner",1,0
453739,"1000777132",2176921,"LFI","Life Insured",1,20991231
453739,"1000777132",2176921,"OWN","Owner",1,0
453739,"1000779367",2177668,"LFI","Life Insured",1,20991231
453739,"1000779367",2177668,"OWN","Owner",1,0
453739,"1000792443",2180766,"LFI","Life Insured",1,20991231
453739,"1000792443",2180766,"OWN","Owner",1,0
453739,"1000792444",2180766,"LFI","Life Insured",2,20991231
453739,"1000792444",2180766,"OWN","Owner",2,0
453739,"1000792443",2180774,"LFI","Life Insured",1,20991231
453739,"1000792443",2180774,"OWN","Owner",1,0
453739,"1000792444",2180774,"LFI","Life Insured",2,20991231
453739,"1000792444",2180774,"OWN","Owner",2,0
453739,"1000792443",2180791,"LFI","Life Insured",1,20991231
453739,"1000792443",2180791,"OWN","Owner",1,0
453739,"1000792444",2180791,"LFI","Life Insured",2,20991231
453739,"1000792444",2180791,"OWN","Owner",2,0
453739,"1000256311",3027299,"LFI","Life Insured",1,20230201
453739,"1000256311",3027299,"OWN","Owner",1,0
453739,"1000697803",3032740,"LFI","Life Insured",1,20330101
453739,"1000697803",3032740,"OWN","Owner",1,0
453739,"1000488666",3035594,"LFI","Life Insured",1,20440101
453739,"1000488666",3035594,"OWN","Owner",1,0
453739,"1000793450",3048530,"LFI","Life Insured",1,20440701
453739,"1000793450",3048530,"OWN","Owner",1,0
453739,"1000439189",3053601,"LFI","Life Insured",1,20440701
453739,"1000439189",3053601,"OWN","Owner",1,0
453739,"1000590577",3053862,"LFI","Life Insured",1,20450601
453739,"1000590577",3053862,"OWN","Owner",1,0
453739,"1000915483",3055599,"LFI","Life Insured",1,20340601
453739,"1000915483",3055599,"OWN","Owner",1,0
453739,"1000906495",3055768,"LFI","Life Insured",1,20310301
453739,"1000906495",3055768,"OWN","Owner",1,0
453739,"1000906496",3055768,"LFI","Life Insured",2,20310301
453739,"1000906496",3055768,"OWN","Owner",2,0
453739,"1000749619",3057435,"LFI","Life Insured",1,20480201
453739,"1000749619",3057435,"OWN","Owner",1,0
453739,"1000915747",3058148,"LFI","Life Insured",1,20330601
453739,"1000915747",3058148,"OWN","Owner",1,0
453739,"1000802753",3060155,"LFI","Life Insured",1,20380901
453739,"1000802753",3060155,"OWN","Owner",1,0
453739,"1000510656",3060450,"LFI","Life Insured",1,20400201
453739,"1000510656",3060450,"OWN","Owner",1,0
453739,"1000893352",3062382,"LFI","Life Insured",1,20400308
453739,"1000893352",3062382,"OWN","Owner",1,0
453739,"1000893354",3062382,"LFI","Life Insured",2,20400308
453739,"1000893354",3062382,"OWN","Owner",2,0
453739,"1000893352",3062390,"LFI","Life Insured",1,20400308
453739,"1000893352",3062390,"OWN","Owner",1,0
453739,"1000893354",3062390,"LFI","Life Insured",2,20400308
453739,"1000893354",3062390,"OWN","Owner",2,0
453739,"1000909236",3062701,"LFI","Life Insured",1,20410501
453739,"1000909236",3062701,"OWN","Owner",1,0
453739,"1000835033",3062825,"LFI","Life Insured",1,20370201
453739,"1000835033",3062825,"OWN","Owner",1,0
453739,"1000741171",3063763,"LFI","Life Insured",1,20380801
453739,"1000741171",3063763,"OWN","Owner",1,0
453739,"1000869729",3066832,"LFI","Life Insured",1,20271101
453739,"1000869729",3066832,"OWN","Owner",1,0
453739,"1000739256",3069838,"LFI","Life Insured",1,20450401
453739,"1000739256",3069838,"OWN","Owner",1,0
453739,"1000278086",3069879,"LFI","Life Insured",1,20340701
453739,"1000278086",3069879,"OWN","Owner",1,0
453739,"1001106519",3100717,"LFI","Life Insured",1,20521201
453739,"1001106519",3100717,"OWN","Owner",1,0
453739,"1000920199",3101495,"LFI","Life Insured",1,20410601
453739,"1000920199",3101495,"OWN","Owner",1,0
453739,"1000726007",3101657,"LFI","Life Insured",1,20360701
453739,"1000726007",3101657,"OWN","Owner",1,0
453739,"1000920473",3101878,"LFI","Life Insured",1,20360801
453739,"1000920473",3101878,"OWN","Owner",1,0
453739,"1001021206",3103855,"LFI","Life Insured",1,20430329
453739,"1001021206",3103855,"OWN","Owner",1,0
453739,"1000766247",3103938,"LFI","Life Insured",1,20470801
453739,"1000766247",3103938,"OWN","Owner",1,0
453739,"1001022246",3104789,"LFI","Life Insured",1,20430322
453739,"1001022246",3104789,"OWN","Owner",1,0
453739,"1001074413",3105787,"LFI","Life Insured",1,20260901
453739,"1001074413",3105787,"OWN","Owner",1,0
453739,"1001074415",3105949,"LFI","Life Insured",1,20260901
453739,"1001074415",3105949,"OWN","Owner",1,0
453739,"1001236704",3106475,"LFI","Life Insured",1,20430201
453739,"1001236704",3106475,"OWN","Owner",1,0
453739,"1001176470",3106611,"LFI","Life Insured",1,20361001
453739,"1001176470",3106611,"OWN","Owner",1,0
453739,"1001023889",3106668,"LFI","Life Insured",1,20400331
453739,"1001023889",3106668,"OWN","Owner",1,0
453739,"1000962221",3106856,"LFI","Life Insured",1,20510901
453739,"1000962221",3106856,"OWN","Owner",1,0
453739,"1001003847",3108768,"LFI","Life Insured",1,20310417
453739,"1001003847",3108768,"OWN","Owner",1,0
453739,"1001115388",3110030,"LFI","Life Insured",1,20340101
453739,"1001115388",3110030,"OWN","Owner",1,0
453739,"1001023889",3112970,"LFI","Life Insured",1,20400515
453739,"1001023889",3112970,"OWN","Owner",1,0
453739,"1000898420",3113353,"LFI","Life Insured",1,20310901
453739,"1000898420",3113353,"OWN","Owner",1,0
453739,"1000975781",3113561,"LFI","Life Insured",1,20541101
453739,"1000975781",3113561,"OWN","Owner",1,0
453739,"1000934109",3114059,"LFI","Life Insured",1,20420530
453739,"1000934109",3114059,"OWN","Owner",1,0
453739,"1000938333",3114059,"LFI","Life Insured",2,20420530
453739,"1000938333",3114059,"OWN","Owner",2,0
453739,"1000761434",3115122,"LFI","Life Insured",1,20441101
453739,"1000761434",3115122,"OWN","Owner",1,0
453739,"1000975780",3115227,"LFI","Life Insured",1,20481001
453739,"1000975780",3115227,"OWN","Owner",1,0
453739,"1000931660",3115631,"LFI","Life Insured",1,20360901
453739,"1000931660",3115631,"OWN","Owner",1,0
453739,"1000891223",3116620,"LFI","Life Insured",1,20401001
453739,"1000891223",3116620,"OWN","Owner",1,0
453739,"1001030310",3117015,"LFI","Life Insured",1,20430703
453739,"1001030310",3117015,"OWN","Owner",1,0
453739,"1000934374",3119301,"LFI","Life Insured",1,20391001
453739,"1000934374",3119301,"OWN","Owner",1,0
453739,"1000934933",3119351,"LFI","Life Insured",1,20311001
453739,"1000934933",3119351,"OWN","Owner",1,0
453739,"1000934935",3119351,"LFI","Life Insured",2,20311001
453739,"1000934935",3119351,"OWN","Owner",2,0
453739,"1001244773",3120214,"LFI","Life Insured",1,20380501
453739,"1001244773",3120214,"OWN","Owner",1,0
453739,"1000936745",3121348,"LFI","Life Insured",1,20331001
453739,"1000936745",3121348,"OWN","Owner",1,0
453739,"1000936930",3121470,"LFI","Life Insured",1,20411001
453739,"1000936930",3121470,"OWN","Owner",1,0
453739,"1001245965",3122022,"LFI","Life Insured",1,20280401
453739,"1001245965",3122022,"OWN","Owner",1,0
453739,"1001124242",3123245,"LFI","Life Insured",1,20350501
453739,"1001124242",3123245,"OWN","Owner",1,0
453739,"1000689107",3123335,"LFI","Life Insured",1,20411101
453739,"1000689107",3123335,"OWN","Owner",1,0
453739,"1001246854",3123592,"LFI","Life Insured",1,20480301
453739,"1001246854",3123592,"OWN","Owner",1,0
453739,"1000938823",3123821,"LFI","Life Insured",1,20361001
453739,"1000938823",3123821,"OWN","Owner",1,0
453739,"1000938958",3123928,"LFI","Life Insured",1,20401001
453739,"1000938958",3123928,"OWN","Owner",1,0
453739,"1000938959",3123995,"LFI","Life Insured",1,20401101
453739,"1000938959",3123995,"OWN","Owner",1,0
453739,"1001247541",3124610,"LFI","Life Insured",1,20570401
453739,"1001247541",3124610,"OWN","Owner",1,0
453739,"1000931667",3125289,"LFI","Life Insured",1,20361101
453739,"1000931667",3125289,"OWN","Owner",1,0
453739,"1000940591",3126617,"LFI","Life Insured",1,20511001
453739,"1000940591",3126617,"OWN","Owner",1,0
453739,"1001254185",3129768,"LFI","Life Insured",1,20430601
453739,"1001254185",3129768,"OWN","Owner",1,0
453739,"1000893021",3130896,"LFI","Life Insured",1,20380701
453739,"1000893021",3130896,"OWN","Owner",1,0
453739,"1000893022",3130918,"LFI","Life Insured",1,20380801
453739,"1000893022",3130918,"OWN","Owner",1,0
453739,"1001255597",3131692,"LFI","Life Insured",1,20420501
453739,"1001255597",3131692,"OWN","Owner",1,0
453739,"1001255598",3131692,"LFI","Life Insured",2,20420501
453739,"1001255598",3131692,"OWN","Owner",2,0
453739,"1001115401",3133012,"LFI","Life Insured",1,20340701
453739,"1001115401",3133012,"OWN","Owner",1,0
453739,"1001032632",3139168,"LFI","Life Insured",1,20440901
453739,"1001032632",3139168,"OWN","Owner",1,0
453739,"1000952167",3139271,"LFI","Life Insured",1,20370101
453739,"1000952167",3139271,"OWN","Owner",1,0
453739,"1000929048",3143651,"LFI","Life Insured",1,20350401
453739,"1000929048",3143651,"OWN","Owner",1,0
453739,"1001157427",3144308,"LFI","Life Insured",1,20320301
453739,"1001157427",3144308,"OWN","Owner",1,0
453739,"1000256311",3147070,"LFI","Life Insured",1,20330301
453739,"1000256311",3147070,"OWN","Owner",1,0
453739,"1000621820",3147853,"LFI","Life Insured",1,20450901
453739,"1000621820",3147853,"OWN","Owner",1,0
453739,"1001266218",3148789,"LFI","Life Insured",1,20570801
453739,"1001266218",3148789,"OWN","Owner",1,0
453739,"1001268300",3151030,"LFI","Life Insured",1,20531001
453739,"1001268300",3151030,"OWN","Owner",1,0
453739,"1001268301",3151030,"LFI","Life Insured",2,20531001
453739,"1001268301",3151030,"OWN","Owner",2,0
453739,"1001054655",3151264,"LFI","Life Insured",1,20510201
453739,"1001054655",3151264,"OWN","Owner",1,0
453739,"1000914413",3151999,"LFI","Life Insured",1,20330301
453739,"1000914413",3151999,"OWN","Owner",1,0
453739,"1000879478",3156184,"LFI","Life Insured",1,20470601
453739,"1000879478",3156184,"OWN","Owner",1,0
453739,"1000967895",3156770,"LFI","Life Insured",1,20370401
453739,"1000967895",3156770,"OWN","Owner",1,0
453739,"1000920476",3157130,"LFI","Life Insured",1,20370401
453739,"1000920476",3157130,"OWN","Owner",1,0
453739,"1001206331",3159275,"LFI","Life Insured",1,20330601
453739,"1001206331",3159275,"OWN","Owner",1,0
453739,"1001070983",3160182,"LFI","Life Insured",1,20450401
453739,"1001070983",3160182,"OWN","Owner",1,0
453739,"1001070984",3160786,"LFI","Life Insured",1,20390401
453739,"1001070984",3160786,"OWN","Owner",1,0
453739,"1001207156",3161245,"LFI","Life Insured",1,20470601
453739,"1001207156",3161245,"OWN","Owner",1,0
453739,"1000947916",3161404,"LFI","Life Insured",1,20330601
453739,"1000947916",3161404,"OWN","Owner",1,0
453739,"1001207544",3162004,"LFI","Life Insured",1,20470601
453739,"1001207544",3162004,"OWN","Owner",1,0
453739,"1000973643",3163474,"LFI","Life Insured",1,20370701
453739,"1000973643",3163474,"OWN","Owner",1,0
453739,"1001109146",3163583,"LFI","Life Insured",1,20471201
453739,"1001109146",3163583,"OWN","Owner",1,0
453739,"1001109147",3163583,"LFI","Life Insured",2,20471201
453739,"1001109147",3163583,"OWN","Owner",2,0
453739,"1001208963",3164423,"LFI","Life Insured",1,20440901
453739,"1001208963",3164423,"OWN","Owner",1,0
453739,"1001151851",3167121,"LFI","Life Insured",1,20551201
453739,"1001151851",3167121,"OWN","Owner",1,0
453739,"1000963597",3167130,"LFI","Life Insured",1,20420801
453739,"1000963597",3167130,"OWN","Owner",1,0
453739,"1001211310",3169263,"LFI","Life Insured",1,20371101
453739,"1001211310",3169263,"OWN","Owner",1,0
453739,"1000983033",3173861,"LFI","Life Insured",1,20270801
453739,"1000983033",3173861,"OWN","Owner",1,0
453739,"1001015415",3175857,"LFI","Life Insured",1,20560301
453739,"1001015415",3175857,"OWN","Owner",1,0
453739,"1000613673",3175981,"LFI","Life Insured",1,20560201
453739,"1000613673",3175981,"OWN","Owner",1,0
453739,"1001158125",3176349,"LFI","Life Insured",1,20410201
453739,"1001158125",3176349,"OWN","Owner",1,0
453739,"1000987992",3179249,"LFI","Life Insured",1,20521001
453739,"1000987992",3179249,"OWN","Owner",1,0
453739,"1000835986",3180212,"LFI","Life Insured",1,20371101
453739,"1000835986",3180212,"OWN","Owner",1,0
453739,"1001091041",3182313,"LFI","Life Insured",1,20430801
453739,"1001091041",3182313,"OWN","Owner",1,0
453739,"1001161832",3182323,"LFI","Life Insured",1,20410401
453739,"1001161832",3182323,"OWN","Owner",1,0
453739,"1000229658",3183240,"LFI","Life Insured",1,20360501
453739,"1000229658",3183240,"OWN","Owner",1,0
453739,"1001046556",3183647,"LFI","Life Insured",1,20460701
453739,"1001046556",3183647,"OWN","Owner",1,0
453739,"1001162654",3183753,"LFI","Life Insured",1,20520401
453739,"1001162654",3183753,"OWN","Owner",1,0
453739,"1001162653",3183787,"LFI","Life Insured",1,20510401
453739,"1001162653",3183787,"OWN","Owner",1,0
453739,"1001102935",3185615,"LFI","Life Insured",1,20380401
453739,"1001102935",3185615,"OWN","Owner",1,0
453739,"1001164007",3186010,"LFI","Life Insured",1,20460501
453739,"1001164007",3186010,"OWN","Owner",1,0
453739,"1001164019",3186231,"LFI","Life Insured",1,20560401
453739,"1001164019",3186231,"OWN","Owner",1,0
453739,"1001164052",3186255,"LFI","Life Insured",1,20520501
453739,"1001164052",3186255,"OWN","Owner",1,0
453739,"1001164028",3186272,"LFI","Life Insured",1,20410501
453739,"1001164028",3186272,"OWN","Owner",1,0
453739,"1001164030",3186320,"LFI","Life Insured",1,20410501
453739,"1001164030",3186320,"OWN","Owner",1,0
453739,"1001164057",3186328,"LFI","Life Insured",1,20450501
453739,"1001164057",3186328,"OWN","Owner",1,0
453739,"1000754035",3187023,"LFI","Life Insured",1,20490501
453739,"1000754035",3187023,"OWN","Owner",1,0
453739,"1001164252",3187073,"LFI","Life Insured",1,20390501
453739,"1001164252",3187073,"OWN","Owner",1,0
453739,"1001164341",3187270,"LFI","Life Insured",1,20350501
453739,"1001164341",3187270,"OWN","Owner",1,0
453739,"1001165174",3188313,"LFI","Life Insured",1,20410501
453739,"1001165174",3188313,"OWN","Owner",1,0
453739,"1001224878",3189247,"LFI","Life Insured",1,20521001
453739,"1001224878",3189247,"OWN","Owner",1,0
453739,"1001224877",3189255,"LFI","Life Insured",1,20421101
453739,"1001224877",3189255,"OWN","Owner",1,0
453739,"1001225763",3191004,"LFI","Life Insured",1,20431101
453739,"1001225763",3191004,"OWN","Owner",1,0
453739,"1001225764",3191013,"LFI","Life Insured",1,20491101
453739,"1001225764",3191013,"OWN","Owner",1,0
453739,"1000741171",3191372,"LFI","Life Insured",1,20411001
453739,"1000741171",3191372,"OWN","Owner",1,0
453739,"1001170141",3195769,"LFI","Life Insured",1,20360701
453739,"1001170141",3195769,"OWN","Owner",1,0
453739,"1001014566",3195858,"LFI","Life Insured",1,20490601
453739,"1001014566",3195858,"OWN","Owner",1,0
453739,"1001014566",3197778,"LFI","Life Insured",1,20500201
453739,"1001014566",3197778,"OWN","Owner",1,0
453739,"1000401760",5226083,"LFI","Life Insured",1,20311031
453739,"1000401760",5226083,"OWN","Owner",1,0
453739,"1000439188",5234752,"LFI","Life Insured",1,20320930
453739,"1000439188",5234752,"OWN","Owner",1,0
453739,"1000439189",5234752,"LFI","Life Insured",2,20320930
453739,"1000439189",5234752,"OWN","Owner",2,0
453739,"1000440528",5235198,"LFI","Life Insured",1,20320731
453739,"1000440528",5235198,"OWN","Owner",1,0
453739,"1000454024",5239339,"LFI","Life Insured",1,20320930
453739,"1000454024",5239339,"OWN","Owner",1,0
453739,"1000278086",5252873,"LFI","Life Insured",1,20230601
453739,"1000278086",5252873,"OWN","Owner",1,0
453739,"1000510656",5255602,"LFI","Life Insured",1,20330930
453739,"1000510656",5255602,"OWN","Owner",1,0
453739,"1000513169",5256268,"LFI","Life Insured",1,20331031
453739,"1000513169",5256268,"OWN","Owner",1,0
453739,"1000523057",5259712,"LFI","Life Insured",1,20320131
453739,"1000523057",5259712,"OWN","Owner",1,0
453739,"1000523058",5259712,"LFI","Life Insured",2,20320131
453739,"1000523058",5259712,"OWN","Owner",2,0
453739,"1000531850",5263604,"LFI","Life Insured",1,20340430
453739,"1000531850",5263604,"OWN","Owner",1,0
453739,"1000531853",5263604,"LFI","Life Insured",2,20340430
453739,"1000531853",5263604,"OWN","Owner",2,0
453739,"1000540182",5267197,"LFI","Life Insured",1,20340630
453739,"1000540182",5267197,"OWN","Owner",1,0
453739,"1000229170",5312230,"LFI","Life Insured",1,20191201
453739,"1000229170",5312230,"OWN","Owner",1,0
453739,"1000446557",5710473,"LFI","Life Insured",1,20991231
453739,"1000446557",5710473,"OWN","Owner",1,0
453739,"1000447354",5710473,"LFI","Life Insured",2,20991231
453739,"1000447354",5710473,"OWN","Owner",2,0
453739,"1000430400",5714946,"LFI","Life Insured",1,20991231
453739,"1000430400",5714946,"OWN","Owner",1,0
453739,"1000433792",5716158,"LFI","Life Insured",1,20991231
453739,"1000433792",5716158,"OWN","Owner",1,0
453739,"1000311191",5720632,"LFI","Life Insured",1,20991231
453739,"1000311191",5720632,"OWN","Owner",1,0
453739,"1000311192",5720632,"LFI","Life Insured",2,20991231
453739,"1000311192",5720632,"OWN","Owner",2,0
453739,"1000512167",5724047,"LFI","Life Insured",1,20991231
453739,"1000512167",5724047,"OWN","Owner",1,0
453739,"1000730298",6201993,"LFI","Life Insured",1,20991231
453739,"1000730298",6201993,"OWN","Owner",1,0
453739,"1000893955",6202553,"LFI","Life Insured",1,20991231
453739,"1000893955",6202553,"OWN","Owner",1,0
453739,"1000893954",6202685,"LFI","Life Insured",1,20991231
453739,"1000893954",6202685,"OWN","Owner",1,0
453739,"1000470224",6203044,"LFI","Life Insured",1,20991231
453739,"1000470224",6203044,"OWN","Owner",1,0
453739,"1001168536",6203304,"LFI","Life Insured",1,20991231
453739,"1001168536",6203304,"OWN","Owner",1,0
453739,"1000983032",6203674,"LFI","Life Insured",1,20991231
453739,"1000983032",6203674,"OWN","Owner",1,0
453739,"1001100246",6203748,"LFI","Life Insured",1,20991231
453739,"1001100246",6203748,"OWN","Owner",1,0
453739,"1000975780",6203784,"LFI","Life Insured",1,20991231
453739,"1000975780",6203784,"OWN","Owner",1,0
453739,"1000975781",6203784,"LFI","Life Insured",2,20991231
453739,"1000975781",6203784,"OWN","Owner",2,0
453739,"1000713553",6205181,"LFI","Life Insured",1,20991231
453739,"1000713553",6205181,"OWN","Owner",1,0
453739,"1000729250",6206871,"LFI","Life Insured",1,20991231
453739,"1000729250",6206871,"OWN","Owner",1,0
453739,"1001172017",6207313,"LFI","Life Insured",1,20991231
453739,"1001172017",6207313,"OWN","Owner",1,0
453739,"1000923275",6207376,"LFI","Life Insured",1,20991231
453739,"1000923275",6207376,"OWN","Owner",1,0
453739,"1000923349",6207670,"LFI","Life Insured",1,20991231
453739,"1000923349",6207670,"OWN","Owner",1,0
453739,"1000923351",6207670,"LFI","Life Insured",2,20991231
453739,"1000923351",6207670,"OWN","Owner",2,0
453739,"1000759169",6208135,"LFI","Life Insured",1,20991231
453739,"1000759169",6208135,"OWN","Owner",1,0
453739,"1000628172",6211944,"LFI","Life Insured",1,20991231
453739,"1000628172",6211944,"OWN","Owner",1,0
453739,"1001054210",6212984,"LFI","Life Insured",1,20991231
453739,"1001054210",6212984,"OWN","Owner",1,0
453739,"1000916656",6213198,"LFI","Life Insured",1,20991231
453739,"1000916656",6213198,"OWN","Owner",1,0
453739,"1000928985",6215123,"LFI","Life Insured",1,20991231
453739,"1000928985",6215123,"OWN","Owner",1,0
453739,"1000928986",6215123,"LFI","Life Insured",2,20991231
453739,"1000928986",6215123,"OWN","Owner",2,0
453739,"1001056546",6217031,"LFI","Life Insured",1,20991231
453739,"1001056546",6217031,"OWN","Owner",1,0
453739,"1001181683",6217758,"LFI","Life Insured",1,20991231
453739,"1001181683",6217758,"OWN","Owner",1,0
453739,"1001181684",6217920,"LFI","Life Insured",1,20991231
453739,"1001181684",6217920,"OWN","Owner",1,0
453739,"1000989001",6218913,"LFI","Life Insured",1,20991231
453739,"1000989001",6218913,"OWN","Owner",1,0
453739,"1000931153",6219358,"LFI","Life Insured",1,20991231
453739,"1000931153",6219358,"OWN","Owner",1,0
453739,"1001103583",6219475,"LFI","Life Insured",1,20991231
453739,"1001103583",6219475,"OWN","Owner",1,0
453739,"1000931226",6219528,"LFI","Life Insured",1,20991231
453739,"1000931226",6219528,"OWN","Owner",1,0
453739,"1000931227",6219528,"LFI","Life Insured",2,20991231
453739,"1000931227",6219528,"OWN","Owner",2,0
453739,"1000858963",6220284,"LFI","Life Insured",1,20991231
453739,"1000858963",6220284,"OWN","Owner",1,0
453739,"1000785591",6220879,"LFI","Life Insured",1,20991231
453739,"1000785591",6220879,"OWN","Owner",1,0
453739,"1000934230",6224386,"LFI","Life Insured",1,20991231
453739,"1000934230",6224386,"OWN","Owner",1,0
453739,"1000974102",6225995,"LFI","Life Insured",1,20991231
453739,"1000974102",6225995,"OWN","Owner",1,0
453739,"1000741171",6236343,"LFI","Life Insured",1,20991231
453739,"1000741171",6236343,"OWN","Owner",1,0
453739,"1000741172",6236343,"LFI","Life Insured",2,20991231
453739,"1000741172",6236343,"OWN","Owner",2,0
453739,"1000941879",6236724,"LFI","Life Insured",1,20991231
453739,"1000941879",6236724,"OWN","Owner",1,0
453739,"1000986644",6238478,"LFI","Life Insured",1,20991231
453739,"1000986644",6238478,"OWN","Owner",1,0
453739,"1000943564",6239812,"LFI","Life Insured",1,20991231
453739,"1000943564",6239812,"OWN","Owner",1,0
453739,"1000572913",6242394,"LFI","Life Insured",1,20991231
453739,"1000572913",6242394,"OWN","Owner",1,0
453739,"1001124675",6244576,"LFI","Life Insured",1,20991231
453739,"1001124675",6244576,"OWN","Owner",1,0
453739,"1000909561",6244582,"LFI","Life Insured",1,20991231
453739,"1000909561",6244582,"OWN","Owner",1,0
453739,"1000947507",6246801,"LFI","Life Insured",1,20991231
453739,"1000947507",6246801,"OWN","Owner",1,0
453739,"1000947794",6247637,"LFI","Life Insured",1,20991231
453739,"1000947794",6247637,"OWN","Owner",1,0
453739,"1000948370",6248374,"LFI","Life Insured",1,20991231
453739,"1000948370",6248374,"OWN","Owner",1,0
453739,"1000613673",6248537,"LFI","Life Insured",2,20991231
453739,"1000613673",6248537,"OWN","Owner",2,0
453739,"1001015415",6248537,"LFI","Life Insured",1,20991231
453739,"1001015415",6248537,"OWN","Owner",1,0
453739,"1000679507",6248971,"LFI","Life Insured",1,20991231
453739,"1000679507",6248971,"OWN","Owner",1,0
453739,"1001073381",6249968,"LFI","Life Insured",1,20991231
453739,"1001073381",6249968,"OWN","Owner",1,0
453739,"1001073382",6249968,"LFI","Life Insured",2,20991231
453739,"1001073382",6249968,"OWN","Owner",2,0
453739,"1000923277",6251653,"LFI","Life Insured",1,20991231
453739,"1000923277",6251653,"OWN","Owner",1,0
453739,"1001019801",6253484,"LFI","Life Insured",1,20991231
453739,"1001019801",6253484,"OWN","Owner",1,0
453739,"1000893912",6255256,"LFI","Life Insured",1,20991231
453739,"1000893912",6255256,"OWN","Owner",1,0
453739,"1000897292",6259326,"LFI","Life Insured",1,20991231
453739,"1000897292",6259326,"OWN","Owner",1,0
453739,"1000957903",6261622,"LFI","Life Insured",1,20991231
453739,"1000957903",6261622,"OWN","Owner",1,0
453739,"1000897390",6261825,"LFI","Life Insured",1,20991231
453739,"1000897390",6261825,"OWN","Owner",1,0
453739,"1000897371",6261914,"LFI","Life Insured",1,20991231
453739,"1000897371",6261914,"OWN","Owner",1,0
453739,"1001026131",6264494,"LFI","Life Insured",1,20991231
453739,"1001026131",6264494,"OWN","Owner",1,0
453739,"1000959868",6265121,"LFI","Life Insured",1,20991231
453739,"1000959868",6265121,"OWN","Owner",1,0
453739,"1000916658",6265295,"LFI","Life Insured",1,20991231
453739,"1000916658",6265295,"OWN","Owner",1,0
453739,"1000967087",6266156,"LFI","Life Insured",1,20991231
453739,"1000967087",6266156,"OWN","Owner",1,0
453739,"1000921550",6267582,"LFI","Life Insured",1,20991231
453739,"1000921550",6267582,"OWN","Owner",1,0
453739,"1000921551",6267582,"LFI","Life Insured",2,20991231
453739,"1000921551",6267582,"OWN","Owner",2,0
453739,"1000901581",6267700,"LFI","Life Insured",1,20991231
453739,"1000901581",6267700,"OWN","Owner",1,0
453739,"1000822515",6268773,"LFI","Life Insured",1,20991231
453739,"1000822515",6268773,"OWN","Owner",1,0
453739,"1000902341",6269109,"LFI","Life Insured",1,20991231
453739,"1000902341",6269109,"OWN","Owner",1,0
453739,"1001109491",6270243,"LFI","Life Insured",1,20991231
453739,"1001109491",6270243,"OWN","Owner",1,0
453739,"1001143713",6270518,"LFI","Life Insured",1,20991231
453739,"1001143713",6270518,"OWN","Owner",1,0
453739,"1001143714",6270518,"LFI","Life Insured",2,20991231
453739,"1001143714",6270518,"OWN","Owner",2,0
453739,"1001074415",6274636,"LFI","Life Insured",1,20991231
453739,"1001074415",6274636,"OWN","Owner",1,0
453739,"1000825677",6276946,"LFI","Life Insured",1,20991231
453739,"1000825677",6276946,"OWN","Owner",1,0
453739,"1000683842",6278207,"LFI","Life Insured",1,20991231
453739,"1000683842",6278207,"OWN","Owner",1,0
453739,"1001034624",6278207,"LFI","Life Insured",2,20991231
453739,"1001034624",6278207,"OWN","Owner",2,0
453739,"1000967192",6278389,"LFI","Life Insured",1,20991231
453739,"1000967192",6278389,"OWN","Owner",1,0
453739,"1000907924",6279848,"LFI","Life Insured",1,20991231
453739,"1000907924",6279848,"OWN","Owner",1,0
453739,"1000908049",6279872,"LFI","Life Insured",1,20991231
453739,"1000908049",6279872,"OWN","Owner",1,0
453739,"1000908804",6281648,"LFI","Life Insured",1,20991231
453739,"1000908804",6281648,"OWN","Owner",1,0
453739,"1000969002",6282122,"LFI","Life Insured",1,20991231
453739,"1000969002",6282122,"OWN","Owner",1,0
453739,"1000510656",6282369,"LFI","Life Insured",1,20991231
453739,"1000510656",6282369,"OWN","Owner",1,0
453739,"1000909632",6283390,"LFI","Life Insured",1,20991231
453739,"1000909632",6283390,"OWN","Owner",1,0
453739,"1000973488",6290419,"LFI","Life Insured",1,20991231
453739,"1000973488",6290419,"OWN","Owner",1,0
453739,"1001093522",6291549,"LFI","Life Insured",1,20991231
453739,"1001093522",6291549,"OWN","Owner",1,0
453739,"1001093524",6291638,"LFI","Life Insured",1,20991231
453739,"1001093524",6291638,"OWN","Owner",1,0
453739,"1000917933",6296432,"LFI","Life Insured",1,20991231
453739,"1000917933",6296432,"OWN","Owner",1,0
453739,"1000963079",6297148,"LFI","Life Insured",1,20991231
453739,"1000963079",6297148,"OWN","Owner",1,0
453739,"1000978641",6299653,"LFI","Life Insured",1,20991231
453739,"1000978641",6299653,"OWN","Owner",1,0
453739,"1000637146",6304749,"LFI","Life Insured",1,20991231
453739,"1000637146",6304749,"OWN","Owner",1,0
453739,"1000440528",6306585,"LFI","Life Insured",1,20991231
453739,"1000440528",6306585,"OWN","Owner",1,0
453739,"1000553163",6308574,"LFI","Life Insured",2,20991231
453739,"1000553163",6308574,"OWN","Owner",2,0
453739,"1000570003",6308574,"LFI","Life Insured",1,20991231
453739,"1000570003",6308574,"OWN","Owner",1,0
453739,"1000491889",6310030,"LFI","Life Insured",1,20991231
453739,"1000491889",6310030,"OWN","Owner",1,0
453739,"1000700602",6311781,"LFI","Life Insured",1,20991231
453739,"1000700602",6311781,"OWN","Owner",1,0
453739,"1000561802",6313227,"LFI","Life Insured",1,20991231
453739,"1000561802",6313227,"OWN","Owner",1,0
453739,"1000761434",6314437,"LFI","Life Insured",1,20991231
453739,"1000761434",6314437,"OWN","Owner",1,0
453739,"1000580568",6320600,"LFI","Life Insured",1,20991231
453739,"1000580568",6320600,"OWN","Owner",1,0
453739,"1000788275",6322475,"LFI","Life Insured",1,20991231
453739,"1000788275",6322475,"OWN","Owner",1,0
453739,"1000637143",6326133,"LFI","Life Insured",1,20991231
453739,"1000637143",6326133,"OWN","Owner",1,0
453739,"1000661956",6340176,"LFI","Life Insured",1,20991231
453739,"1000661956",6340176,"OWN","Owner",1,0
453739,"1000531801",6342933,"LFI","Life Insured",1,20991231
453739,"1000531801",6342933,"OWN","Owner",1,0
453739,"1000531802",6342933,"LFI","Life Insured",2,20991231
453739,"1000531802",6342933,"OWN","Owner",2,0
453739,"1000613673",6360322,"LFI","Life Insured",2,20991231
453739,"1000613673",6360322,"OWN","Owner",2,0
453739,"1001015415",6360322,"LFI","Life Insured",1,20991231
453739,"1001015415",6360322,"OWN","Owner",1,0
453739,"1000614771",6361806,"LFI","Life Insured",1,20991231
453739,"1000614771",6361806,"OWN","Owner",1,0
453739,"1000512168",6370890,"LFI","Life Insured",1,20991231
453739,"1000512168",6370890,"OWN","Owner",1,0
453739,"1000855896",6376630,"LFI","Life Insured",1,20991231
453739,"1000855896",6376630,"OWN","Owner",1,0
453739,"1000842119",6379408,"LFI","Life Insured",1,20991231
453739,"1000842119",6379408,"OWN","Owner",1,0
453739,"1000580406",8102333,"LFI","Life Insured",1,20320531
453739,"1000580406",8102333,"OWN","Owner",1,0
453739,"1000811697",8104798,"LFI","Life Insured",1,20391031
453739,"1000811697",8104798,"OWN","Owner",1,0
453739,"1000911651",8107128,"LFI","Life Insured",1,20410401
453739,"1000911651",8107128,"OWN","Owner",1,0
453739,"1000912179",8108224,"LFI","Life Insured",1,20410401
453739,"1000912179",8108224,"OWN","Owner",1,0
453739,"1000858963",8110005,"LFI","Life Insured",1,20350731
453739,"1000858963",8110005,"OWN","Owner",1,0
453739,"1000913489",8111427,"LFI","Life Insured",1,20410501
453739,"1000913489",8111427,"OWN","Owner",1,0
453739,"1000750597",8111726,"LFI","Life Insured",1,20290930
453739,"1000750597",8111726,"OWN","Owner",1,0
453739,"1000913653",8114135,"LFI","Life Insured",1,20260501
453739,"1000913653",8114135,"OWN","Owner",1,0
453739,"1000952188",8114942,"LFI","Life Insured",1,20420101
453739,"1000952188",8114942,"OWN","Owner",1,0
453739,"1000914980",8118359,"LFI","Life Insured",1,20410601
453739,"1000914980",8118359,"OWN","Owner",1,0
453739,"1000914981",8118359,"LFI","Life Insured",2,20410601
453739,"1000914981",8118359,"OWN","Owner",2,0
453739,"1000987426",8118549,"LFI","Life Insured",1,20410901
453739,"1000987426",8118549,"OWN","Owner",1,0
453739,"1000987360",8118600,"LFI","Life Insured",1,20360901
453739,"1000987360",8118600,"OWN","Owner",1,0
453739,"1000813951",8119885,"LFI","Life Insured",1,20361130
453739,"1000813951",8119885,"OWN","Owner",1,0
453739,"1000814018",8120000,"LFI","Life Insured",1,20271130
453739,"1000814018",8120000,"OWN","Owner",1,0
453739,"1000751968",8120653,"LFI","Life Insured",1,20351031
453739,"1000751968",8120653,"OWN","Owner",1,0
453739,"1000814131",8121482,"LFI","Life Insured",1,20241031
453739,"1000814131",8121482,"OWN","Owner",1,0
453739,"1000584598",8121524,"LFI","Life Insured",1,20300630
453739,"1000584598",8121524,"OWN","Owner",1,0
453739,"1000584599",8121524,"LFI","Life Insured",2,20300630
453739,"1000584599",8121524,"OWN","Owner",2,0
453739,"1000585085",8124124,"LFI","Life Insured",1,20350630
453739,"1000585085",8124124,"OWN","Owner",1,0
453739,"1000954243",8125626,"LFI","Life Insured",1,20350201
453739,"1000954243",8125626,"OWN","Owner",1,0
453739,"1000915799",8125657,"LFI","Life Insured",1,20410501
453739,"1000915799",8125657,"OWN","Owner",1,0
453739,"1000954314",8125701,"LFI","Life Insured",1,20420101
453739,"1000954314",8125701,"OWN","Owner",1,0
453739,"1000916006",8126850,"LFI","Life Insured",1,20370501
453739,"1000916006",8126850,"OWN","Owner",1,0
453739,"1000863284",8127039,"LFI","Life Insured",1,20400630
453739,"1000863284",8127039,"OWN","Owner",1,0
453739,"1000916656",8127987,"LFI","Life Insured",1,20410601
453739,"1000916656",8127987,"OWN","Owner",1,0
453739,"1000954599",8128536,"LFI","Life Insured",1,20420201
453739,"1000954599",8128536,"OWN","Owner",1,0
453739,"1000954756",8129311,"LFI","Life Insured",1,20420201
453739,"1000954756",8129311,"OWN","Owner",1,0
453739,"1000754035",8129723,"LFI","Life Insured",1,20381031
453739,"1000754035",8129723,"OWN","Owner",1,0
453739,"1000586825",8131121,"LFI","Life Insured",1,20280731
453739,"1000586825",8131121,"OWN","Owner",1,0
453739,"1000462235",8134244,"LFI","Life Insured",1,20311031
453739,"1000462235",8134244,"OWN","Owner",1,0
453739,"1000691962",8136613,"LFI","Life Insured",1,20240930
453739,"1000691962",8136613,"OWN","Owner",1,0
453739,"1000917933",8141930,"LFI","Life Insured",1,20380601
453739,"1000917933",8141930,"OWN","Owner",1,0
453739,"1000918248",8142226,"LFI","Life Insured",1,20410701
453739,"1000918248",8142226,"OWN","Owner",1,0
453739,"1000918426",8142366,"LFI","Life Insured",1,20410601
453739,"1000918426",8142366,"OWN","Owner",1,0
453739,"1000643957",8143227,"LFI","Life Insured",1,20330930
453739,"1000643957",8143227,"OWN","Owner",1,0
453739,"1000919944",8145828,"LFI","Life Insured",1,20410601
453739,"1000919944",8145828,"OWN","Owner",1,0
453739,"1000919945",8145828,"LFI","Life Insured",2,20410601
453739,"1000919945",8145828,"OWN","Owner",2,0
453739,"1000757987",8146627,"LFI","Life Insured",1,20361130
453739,"1000757987",8146627,"OWN","Owner",1,0
453739,"1000974866",8150069,"LFI","Life Insured",1,20320601
453739,"1000974866",8150069,"OWN","Owner",1,0
453739,"1000921353",8151136,"LFI","Life Insured",1,20410601
453739,"1000921353",8151136,"OWN","Owner",1,0
453739,"1000759169",8151965,"LFI","Life Insured",1,20381130
453739,"1000759169",8151965,"OWN","Owner",1,0
453739,"1000759221",8152228,"LFI","Life Insured",1,20331130
453739,"1000759221",8152228,"OWN","Owner",1,0
453739,"1001106510",8152228,"OWN","Owner",2,0
453739,"1000922039",8153351,"LFI","Life Insured",1,20260701
453739,"1000922039",8153351,"OWN","Owner",1,0
453739,"1000646328",8154768,"LFI","Life Insured",1,20361031
453739,"1000646328",8154768,"OWN","Owner",1,0
453739,"1000646329",8154768,"LFI","Life Insured",2,20361031
453739,"1000646329",8154768,"OWN","Owner",2,0
453739,"1000922292",8156431,"LFI","Life Insured",1,20410701
453739,"1000922292",8156431,"OWN","Owner",1,0
453739,"1000646930",8157163,"LFI","Life Insured",1,20361031
453739,"1000646930",8157163,"OWN","Owner",1,0
453739,"1000922776",8157338,"LFI","Life Insured",1,20400701
453739,"1000922776",8157338,"OWN","Owner",1,0
453739,"1000922690",8157347,"LFI","Life Insured",1,20410701
453739,"1000922690",8157347,"OWN","Owner",1,0
453739,"1000832046",8157365,"LFI","Life Insured",1,20410701
453739,"1000832046",8157365,"OWN","Owner",1,0
453739,"1000923121",8160517,"LFI","Life Insured",1,20410701
453739,"1000923121",8160517,"OWN","Owner",1,0
453739,"1000923129",8160517,"LFI","Life Insured",2,20410701
453739,"1000923210",8160526,"LFI","Life Insured",1,20410801
453739,"1000923210",8160526,"OWN","Owner",1,0
453739,"1000923406",8160905,"LFI","Life Insured",1,20390701
453739,"1000923406",8160905,"OWN","Owner",1,0
453739,"1000924348",8162617,"LFI","Life Insured",1,20410701
453739,"1000924348",8162617,"OWN","Owner",1,0
453739,"1000924343",8162733,"LFI","Life Insured",1,20300701
453739,"1000924343",8162733,"OWN","Owner",1,0
453739,"1000761413",8163761,"LFI","Life Insured",1,20281130
453739,"1000761413",8163761,"OWN","Owner",1,0
453739,"1000869071",8164832,"LFI","Life Insured",1,20340801
453739,"1000869071",8164832,"OWN","Owner",1,0
453739,"1000925280",8165635,"LFI","Life Insured",1,20380701
453739,"1000925280",8165635,"OWN","Owner",1,0
453739,"1000925281",8165635,"LFI","Life Insured",2,20380701
453739,"1000925281",8165635,"OWN","Owner",2,0
453739,"1000817038",8170677,"LFI","Life Insured",1,20321130
453739,"1000817038",8170677,"OWN","Owner",1,0
453739,"1000762482",8171584,"LFI","Life Insured",1,20390131
453739,"1000762482",8171584,"OWN","Owner",1,0
453739,"1001015415",8173122,"LFI","Life Insured",1,20250901
453739,"1001015415",8173122,"OWN","Owner",1,0
453739,"1000763339",8174965,"LFI","Life Insured",1,20281231
453739,"1000763339",8174965,"OWN","Owner",1,0
453739,"1000819515",8177214,"LFI","Life Insured",1,20301130
453739,"1000819515",8177214,"OWN","Owner",1,0
453739,"1000819714",8180788,"LFI","Life Insured",1,20331130
453739,"1000819714",8180788,"OWN","Owner",1,0
453739,"1000562350",8183996,"LFI","Life Insured",1,20260930
453739,"1000562350",8183996,"OWN","Owner",1,0
453739,"1000652463",8185418,"LFI","Life Insured",1,20370131
453739,"1000652463",8185418,"OWN","Owner",1,0
453739,"1000652464",8185418,"LFI","Life Insured",2,20370131
453739,"1000652464",8185418,"OWN","Owner",2,0
453739,"1000705019",8188485,"LFI","Life Insured",1,20371231
453739,"1000705019",8188485,"OWN","Owner",1,0
453739,"1000653268",8189782,"LFI","Life Insured",1,20331231
453739,"1000653268",8189782,"OWN","Owner",1,0
453739,"1000975780",8192128,"LFI","Life Insured",1,20420701
453739,"1000975780",8192128,"OWN","Owner",1,0
453739,"1000872365",8192504,"LFI","Life Insured",1,20300801
453739,"1000872365",8192504,"OWN","Owner",1,0
453739,"1000872366",8192504,"LFI","Life Insured",2,20300801
453739,"1000872366",8192504,"OWN","Owner",2,0
453739,"1000872621",8193376,"LFI","Life Insured",1,20390901
453739,"1000872621",8193376,"OWN","Owner",1,0
453739,"1000975855",8194669,"LFI","Life Insured",1,20420601
453739,"1000975855",8194669,"OWN","Owner",1,0
453739,"1000819804",8197322,"LFI","Life Insured",1,20291130
453739,"1000819804",8197322,"OWN","Owner",1,0
453739,"1000822162",8201060,"LFI","Life Insured",1,20291130
453739,"1000822162",8201060,"OWN","Owner",1,0
453739,"1000822162",8201115,"LFI","Life Insured",1,20241130
453739,"1000822162",8201115,"OWN","Owner",1,0
453739,"1000394966",8205813,"LFI","Life Insured",1,20301130
453739,"1000394966",8205813,"OWN","Owner",1,0
453739,"1000822523",8206095,"LFI","Life Insured",1,20351130
453739,"1000822523",8206095,"OWN","Owner",1,0
453739,"1000656458",8209848,"LFI","Life Insured",1,20370131
453739,"1000656458",8209848,"OWN","Owner",1,0
453739,"1000875197",8210467,"LFI","Life Insured",1,20400901
453739,"1000875197",8210467,"OWN","Owner",1,0
453739,"1000876095",8212292,"LFI","Life Insured",1,20400901
453739,"1000876095",8212292,"OWN","Owner",1,0
453739,"1000876582",8215957,"LFI","Life Insured",1,20250901
453739,"1000876582",8215957,"OWN","Owner",1,0
453739,"1000712518",8216624,"LFI","Life Insured",1,20330228
453739,"1000712518",8216624,"OWN","Owner",1,0
453739,"1000712731",8216756,"LFI","Life Insured",1,20380228
453739,"1000712731",8216756,"OWN","Owner",1,0
453739,"1000712732",8216756,"LFI","Life Insured",2,20380228
453739,"1000712732",8216756,"OWN","Owner",2,0
453739,"1000772491",8217699,"LFI","Life Insured",1,20390228
453739,"1000772491",8217699,"OWN","Owner",1,0
453739,"1000825172",8218548,"LFI","Life Insured",1,20261231
453739,"1000825172",8218548,"OWN","Owner",1,0
453739,"1000772809",8218671,"LFI","Life Insured",1,20230228
453739,"1000772809",8218671,"OWN","Owner",1,0
453739,"1000713553",8219526,"LFI","Life Insured",1,20380228
453739,"1000713553",8219526,"OWN","Owner",1,0
453739,"1000879013",8228146,"LFI","Life Insured",1,20381001
453739,"1000879013",8228146,"OWN","Owner",1,0
453739,"1000659669",8229083,"LFI","Life Insured",1,20290228
453739,"1000659669",8229083,"OWN","Owner",1,0
453739,"1000659966",8230898,"LFI","Life Insured",1,20370228
453739,"1000659966",8230898,"OWN","Owner",1,0
453739,"1000659967",8230898,"LFI","Life Insured",2,20370228
453739,"1000659967",8230898,"OWN","Owner",2,0
453739,"1000776030",8231748,"LFI","Life Insured",1,20390331
453739,"1000776030",8231748,"OWN","Owner",1,0
453739,"1000978160",8235489,"LFI","Life Insured",1,20420701
453739,"1000978160",8235489,"OWN","Owner",1,0
453739,"1000978161",8235489,"LFI","Life Insured",2,20420701
453739,"1000978161",8235489,"OWN","Owner",2,0
453739,"1000661064",8236489,"LFI","Life Insured",1,20350228
453739,"1000661064",8236489,"OWN","Owner",1,0
453739,"1000717367",8237559,"LFI","Life Insured",1,20380331
453739,"1000717367",8237559,"OWN","Owner",1,0
453739,"1000778158",8239911,"LFI","Life Insured",1,20390430
453739,"1000778158",8239911,"OWN","Owner",1,0
453739,"1000882046",8245066,"LFI","Life Insured",1,20401001
453739,"1000882046",8245066,"OWN","Owner",1,0
453739,"1000663355",8245968,"LFI","Life Insured",1,20350331
453739,"1000663355",8245968,"OWN","Owner",1,0
453739,"1000882379",8246089,"LFI","Life Insured",1,20281101
453739,"1000882379",8246089,"OWN","Owner",1,0
453739,"1000882376",8246365,"LFI","Life Insured",1,20401101
453739,"1000882376",8246365,"OWN","Owner",1,0
453739,"1000882899",8247541,"LFI","Life Insured",1,20401101
453739,"1000882899",8247541,"OWN","Owner",1,0
453739,"1000884563",8256893,"LFI","Life Insured",1,20261101
453739,"1000884563",8256893,"OWN","Owner",1,0
453739,"1000781819",8260234,"LFI","Life Insured",1,20390430
453739,"1000781819",8260234,"OWN","Owner",1,0
453739,"1000833342",8263082,"LFI","Life Insured",1,20300131
453739,"1000833342",8263082,"OWN","Owner",1,0
453739,"1000886382",8265475,"LFI","Life Insured",1,20401101
453739,"1000886382",8265475,"OWN","Owner",1,0
453739,"1000886383",8265475,"LFI","Life Insured",2,20401101
453739,"1000928196",8268237,"LFI","Life Insured",1,20260701
453739,"1000928196",8268237,"OWN","Owner",1,0
453739,"1000928652",8269587,"LFI","Life Insured",1,20410801
453739,"1000928652",8269587,"OWN","Owner",1,0
453739,"1000929486",8273300,"LFI","Life Insured",1,20410801
453739,"1000929486",8273300,"OWN","Owner",1,0
453739,"1000887712",8273426,"LFI","Life Insured",1,20401201
453739,"1000887712",8273426,"OWN","Owner",1,0
453739,"1000834618",8273681,"LFI","Life Insured",1,20370131
453739,"1000834618",8273681,"OWN","Owner",1,0
453739,"1000696539",8274260,"LFI","Life Insured",1,20380430
453739,"1000696539",8274260,"OWN","Owner",1,0
453739,"1000723101",8275299,"LFI","Life Insured",1,20380430
453739,"1000723101",8275299,"OWN","Owner",1,0
453739,"1000835033",8277235,"LFI","Life Insured",1,20360131
453739,"1000835033",8277235,"OWN","Owner",1,0
453739,"1000887954",8277359,"LFI","Life Insured",1,20401201
453739,"1000887954",8277359,"OWN","Owner",1,0
453739,"1000931343",8281163,"LFI","Life Insured",1,20350901
453739,"1000931343",8281163,"OWN","Owner",1,0
453739,"1000889115",8281604,"LFI","Life Insured",1,20401201
453739,"1000889115",8281604,"OWN","Owner",1,0
453739,"1000785591",8283659,"LFI","Life Insured",1,20270430
453739,"1000785591",8283659,"OWN","Owner",1,0
453739,"1000902341",8288389,"LFI","Life Insured",1,20290701
453739,"1000902341",8288389,"OWN","Owner",1,0
453739,"1000958217",8288957,"LFI","Life Insured",1,20370201
453739,"1000958217",8288957,"OWN","Owner",1,0
453739,"1000891250",8292830,"LFI","Life Insured",1,20401201
453739,"1000891250",8292830,"OWN","Owner",1,0
453739,"1000838232",8293453,"LFI","Life Insured",1,20400229
453739,"1000838232",8293453,"OWN","Owner",1,0
453739,"1000838622",8295798,"LFI","Life Insured",1,20250228
453739,"1000838622",8295798,"OWN","Owner",1,0
453739,"1000959696",8298695,"LFI","Life Insured",1,20420201
453739,"1000959696",8298695,"OWN","Owner",1,0
453739,"1000934374",8299087,"LFI","Life Insured",1,20390901
453739,"1000934374",8299087,"OWN","Owner",1,0
453739,"1000790840",8306306,"LFI","Life Insured",1,20260531
453739,"1000790840",8306306,"OWN","Owner",1,0
453739,"1000665777",8307301,"LFI","Life Insured",1,20300331
453739,"1000665777",8307301,"OWN","Owner",1,0
453739,"1000960726",8311517,"LFI","Life Insured",1,20420301
453739,"1000960726",8311517,"OWN","Owner",1,0
453739,"1000937444",8312085,"LFI","Life Insured",1,20310901
453739,"1000937444",8312085,"OWN","Owner",1,0
453739,"1000937445",8312085,"LFI","Life Insured",2,20310901
453739,"1000937445",8312085,"OWN","Owner",2,0
453739,"1000842859",8314025,"LFI","Life Insured",1,20200331
453739,"1000842859",8314025,"OWN","Owner",1,0
453739,"1000775005",8315661,"LFI","Life Insured",2,20311001
453739,"1000775005",8315661,"OWN","Owner",2,0
453739,"1000775009",8315661,"LFI","Life Insured",1,20311001
453739,"1000775009",8315661,"OWN","Owner",1,0
453739,"1000937991",8317017,"LFI","Life Insured",1,20371001
453739,"1000937991",8317017,"OWN","Owner",1,0
453739,"1000843972",8317368,"LFI","Life Insured",1,20290331
453739,"1000843972",8317368,"OWN","Owner",1,0
453739,"1000729250",8322327,"LFI","Life Insured",1,20380430
453739,"1000729250",8322327,"OWN","Owner",1,0
453739,"1000893954",8322419,"LFI","Life Insured",1,20410101
453739,"1000893954",8322419,"OWN","Owner",1,0
453739,"1000845475",8323007,"LFI","Life Insured",1,20320331
453739,"1000845475",8323007,"OWN","Owner",1,0
453739,"1000982506",8324989,"LFI","Life Insured",1,20420801
453739,"1000982506",8324989,"OWN","Owner",1,0
453739,"1000939543",8325861,"LFI","Life Insured",1,20401001
453739,"1000939543",8325861,"OWN","Owner",1,0
453739,"1000962220",8326629,"LFI","Life Insured",1,20420301
453739,"1000962220",8326629,"OWN","Owner",1,0
453739,"1000962221",8326629,"LFI","Life Insured",2,20420301
453739,"1000962221",8326629,"OWN","Owner",2,0
453739,"1000879478",8333031,"LFI","Life Insured",1,20311001
453739,"1000879478",8333031,"OWN","Owner",1,0
453739,"1000963079",8335485,"LFI","Life Insured",1,20420301
453739,"1000963079",8335485,"OWN","Owner",1,0
453739,"1000941902",8335891,"LFI","Life Insured",1,20411001
453739,"1000941902",8335891,"OWN","Owner",1,0
453739,"1000897390",8336242,"LFI","Life Insured",1,20360201
453739,"1000897390",8336242,"OWN","Owner",1,0
453739,"1000963066",8336268,"LFI","Life Insured",1,20420501
453739,"1000963066",8336268,"OWN","Owner",1,0
453739,"1000897740",8336722,"LFI","Life Insured",1,20310201
453739,"1000897740",8336722,"OWN","Owner",1,0
453739,"1000942083",8340504,"LFI","Life Insured",1,20311001
453739,"1000942083",8340504,"OWN","Owner",1,0
453739,"1000217651",8341628,"LFI","Life Insured",1,20420401
453739,"1000217651",8341628,"OWN","Owner",1,0
453739,"1000964368",8341768,"LFI","Life Insured",1,20400401
453739,"1000964368",8341768,"OWN","Owner",1,0
453739,"1000474870",8343328,"LFI","Life Insured",2,20331101
453739,"1000474870",8343328,"OWN","Owner",2,0
453739,"1000852941",8343328,"LFI","Life Insured",1,20331101
453739,"1000852941",8343328,"OWN","Owner",1,0
453739,"1000798815",8345425,"LFI","Life Insured",1,20390731
453739,"1000798815",8345425,"OWN","Owner",1,0
453739,"1000943435",8346451,"LFI","Life Insured",1,20411101
453739,"1000943435",8346451,"OWN","Owner",1,0
453739,"1000943524",8346646,"LFI","Life Insured",1,20361101
453739,"1000943524",8346646,"OWN","Owner",1,0
453739,"1000734801",8349692,"LFI","Life Insured",1,20390630
453739,"1000734801",8349692,"OWN","Owner",1,0
453739,"1000636664",8351652,"LFI","Life Insured",1,20370531
453739,"1000636664",8351652,"OWN","Owner",1,0
453739,"1000945024",8351692,"LFI","Life Insured",1,20311201
453739,"1000945024",8351692,"OWN","Owner",1,0
453739,"1000945027",8351692,"LFI","Life Insured",2,20311201
453739,"1000945027",8351692,"OWN","Owner",2,0
453739,"1000965703",8352468,"LFI","Life Insured",1,20420501
453739,"1000965703",8352468,"OWN","Owner",1,0
453739,"1000800949",8353118,"LFI","Life Insured",1,20320831
453739,"1000800949",8353118,"OWN","Owner",1,0
453739,"1000698656",8353797,"LFI","Life Insured",1,20390831
453739,"1000698656",8353797,"OWN","Owner",1,0
453739,"1000945299",8354322,"LFI","Life Insured",1,20411101
453739,"1000945299",8354322,"OWN","Owner",1,0
453739,"1000984398",8358859,"LFI","Life Insured",1,20420801
453739,"1000984398",8358859,"OWN","Owner",1,0
453739,"1000737177",8359395,"LFI","Life Insured",1,20350731
453739,"1000737177",8359395,"OWN","Owner",1,0
453739,"1000893955",8363983,"LFI","Life Insured",1,20410301
453739,"1000893955",8363983,"OWN","Owner",1,0
453739,"1000901592",8363991,"LFI","Life Insured",1,20410201
453739,"1000901592",8363991,"OWN","Owner",1,0
453739,"1000901594",8363991,"LFI","Life Insured",2,20410201
453739,"1000901594",8363991,"OWN","Owner",2,0
453739,"1000533296",8364575,"LFI","Life Insured",1,20310630
453739,"1000533296",8364575,"OWN","Owner",1,0
453739,"1000902597",8367342,"LFI","Life Insured",1,20410301
453739,"1000902597",8367342,"OWN","Owner",1,0
453739,"1000678771",8368930,"LFI","Life Insured",1,20360630
453739,"1000678771",8368930,"OWN","Owner",1,0
453739,"1000947330",8369915,"LFI","Life Insured",1,20411201
453739,"1000947330",8369915,"OWN","Owner",1,0
453739,"1000945976",8371073,"LFI","Life Insured",1,20411101
453739,"1000945976",8371073,"OWN","Owner",1,0
453739,"1000948370",8377126,"LFI","Life Insured",1,20400201
453739,"1000948370",8377126,"OWN","Owner",1,0
453739,"1000669067",8378017,"LFI","Life Insured",1,20341201
453739,"1000669067",8378017,"OWN","Owner",1,0
453739,"1000948939",8378280,"LFI","Life Insured",1,20411201
453739,"1000948939",8378280,"OWN","Owner",1,0
453739,"1000905741",8380266,"LFI","Life Insured",1,20410401
453739,"1000905741",8380266,"OWN","Owner",1,0
453739,"1000905740",8380284,"LFI","Life Insured",1,20410301
453739,"1000905740",8380284,"OWN","Owner",1,0
453739,"1000905736",8380292,"LFI","Life Insured",1,20410401
453739,"1000905736",8380292,"OWN","Owner",1,0
453739,"1000905665",8380300,"LFI","Life Insured",1,20360501
453739,"1000905665",8380300,"OWN","Owner",1,0
453739,"1000497277",8380914,"LFI","Life Insured",1,20370930
453739,"1000497277",8380914,"OWN","Owner",1,0
453739,"1000905994",8381001,"LFI","Life Insured",1,20410301
453739,"1000905994",8381001,"OWN","Owner",1,0
453739,"1000905995",8381001,"LFI","Life Insured",2,20410301
453739,"1000742902",8383602,"LFI","Life Insured",1,20380831
453739,"1000742902",8383602,"OWN","Owner",1,0
453739,"1000742905",8383602,"LFI","Life Insured",2,20380831
453739,"1000742905",8383602,"OWN","Owner",2,0
453739,"1000830088",8383949,"LFI","Life Insured",1,20210401
453739,"1000830088",8383949,"OWN","Owner",1,0
453739,"1000743204",8384349,"LFI","Life Insured",1,20310930
453739,"1000743204",8384349,"OWN","Owner",1,0
453739,"1000743357",8385380,"LFI","Life Insured",1,20380731
453739,"1000743357",8385380,"OWN","Owner",1,0
453739,"1000907924",8387197,"LFI","Life Insured",1,20410401
453739,"1000907924",8387197,"OWN","Owner",1,0
453739,"1000908049",8387197,"LFI","Life Insured",2,20410401
453739,"1000908049",8387197,"OWN","Owner",2,0
453739,"1000908804",8390034,"LFI","Life Insured",1,20360401
453739,"1000908804",8390034,"OWN","Owner",1,0
453739,"1000909268",8390725,"LFI","Life Insured",1,20330401
453739,"1000909268",8390725,"OWN","Owner",1,0
453739,"1000809050",8390854,"LFI","Life Insured",1,20340930
453739,"1000809050",8390854,"OWN","Owner",1,0
453739,"1000909505",8391186,"LFI","Life Insured",1,20410401
453739,"1000909505",8391186,"OWN","Owner",1,0
453739,"1000809331",8394690,"LFI","Life Insured",1,20291031
453739,"1000809331",8394690,"OWN","Owner",1,0
453739,"1000746340",8395707,"LFI","Life Insured",1,20360831
453739,"1000746340",8395707,"OWN","Owner",1,0
453739,"1000889235",8396166,"LFI","Life Insured",1,20350601
453739,"1000889235",8396166,"OWN","Owner",1,0
453739,"1000910472",8397322,"LFI","Life Insured",1,20410401
453739,"1000910472",8397322,"OWN","Owner",1,0
453739,"1000972953",8399335,"LFI","Life Insured",1,20420601
453739,"1000972953",8399335,"OWN","Owner",1,0
453739,"1001070983",8412394,"LFI","Life Insured",1,20340401
453739,"1001070983",8412394,"OWN","Owner",1,0
453739,"1001070984",8412394,"LFI","Life Insured",2,20340401
453739,"1001070984",8412394,"OWN","Owner",2,0
453739,"1000974101",8413461,"LFI","Life Insured",1,20341001
453739,"1000974101",8413461,"OWN","Owner",1,0
453739,"1000993354",8415463,"LFI","Life Insured",1,20321101
453739,"1000993354",8415463,"OWN","Owner",1,0
453739,"1000992563",8415510,"LFI","Life Insured",1,20271101
453739,"1000992563",8415510,"OWN","Owner",1,0
453739,"1001074413",8428412,"LFI","Life Insured",1,20440501
453739,"1001074413",8428412,"OWN","Owner",1,0
453739,"1000994852",8429251,"LFI","Life Insured",1,20421101
453739,"1000994852",8429251,"OWN","Owner",1,0
453739,"1000978641",8435785,"LFI","Life Insured",1,20440601
453739,"1000978641",8435785,"OWN","Owner",1,0
453739,"1001014566",8472701,"LFI","Life Insured",1,20430201
453739,"1001014566",8472701,"OWN","Owner",1,0
453739,"1001084615",8477496,"LFI","Life Insured",1,20390701
453739,"1001084615",8477496,"OWN","Owner",1,0
453739,"1001084616",8477496,"LFI","Life Insured",2,20390701
453739,"1001084616",8477496,"OWN","Owner",2,0
453739,"1001071701",8478124,"LFI","Life Insured",1,20440801
453739,"1001071701",8478124,"OWN","Owner",1,0
453739,"1001071703",8478124,"LFI","Life Insured",2,20440801
453739,"1001071703",8478124,"OWN","Owner",2,0
453739,"1001084983",8478150,"LFI","Life Insured",1,20390701
453739,"1001084983",8478150,"OWN","Owner",1,0
453739,"1001085001",8478158,"LFI","Life Insured",1,20390701
453739,"1001085001",8478158,"OWN","Owner",1,0
453739,"1001085002",8478158,"LFI","Life Insured",2,20390701
453739,"1001085002",8478158,"OWN","Owner",2,0
453739,"1001118183",8478354,"LFI","Life Insured",1,20450301
453739,"1001118183",8478354,"OWN","Owner",1,0
453739,"1001118184",8478354,"LFI","Life Insured",2,20450301
453739,"1001118184",8478354,"OWN","Owner",2,0
453739,"1001016585",8479382,"LFI","Life Insured",1,20430201
453739,"1001016585",8479382,"OWN","Owner",1,0
453739,"1001049751",8480135,"LFI","Life Insured",1,20421001
453739,"1001049751",8480135,"OWN","Owner",1,0
453739,"1001085605",8480365,"LFI","Life Insured",1,20390801
453739,"1001085605",8480365,"OWN","Owner",1,0
453739,"1001084827",8480661,"LFI","Life Insured",1,20301001
453739,"1001084827",8480661,"OWN","Owner",1,0
453739,"1001086668",8486827,"LFI","Life Insured",1,20390801
453739,"1001086668",8486827,"OWN","Owner",1,0
453739,"1001119580",8487574,"LFI","Life Insured",1,20450301
453739,"1001119580",8487574,"OWN","Owner",1,0
453739,"1001119581",8487574,"LFI","Life Insured",2,20450301
453739,"1001119581",8487574,"OWN","Owner",2,0
453739,"1000945976",8491693,"LFI","Life Insured",1,20331101
453739,"1000945976",8491693,"OWN","Owner",1,0
453739,"1001054655",8496532,"LFI","Life Insured",1,20350401
453739,"1001054655",8496532,"OWN","Owner",1,0
453739,"1001054655",8503561,"LFI","Life Insured",1,20251101
453739,"1001054655",8503561,"OWN","Owner",1,0
453739,"1001091189",8508742,"LFI","Life Insured",1,20390901
453739,"1001091189",8508742,"OWN","Owner",1,0
453739,"1001091864",8509021,"LFI","Life Insured",1,20320901
453739,"1001091864",8509021,"OWN","Owner",1,0
453739,"1001058097",8525074,"LFI","Life Insured",1,20431201
453739,"1001058097",8525074,"OWN","Owner",1,0
453739,"1001027375",8541419,"LFI","Life Insured",1,20430501
453739,"1001027375",8541419,"OWN","Owner",1,0
453739,"1001100246",8556860,"LFI","Life Insured",1,20361101
453739,"1001100246",8556860,"OWN","Owner",1,0
453739,"1001100271",8557024,"LFI","Life Insured",1,20441101
453739,"1001100271",8557024,"OWN","Owner",1,0
453739,"1001102935",8566677,"LFI","Life Insured",1,20381101
453739,"1001102935",8566677,"OWN","Owner",1,0
453739,"1001103202",8568548,"LFI","Life Insured",1,20391101
453739,"1001103202",8568548,"OWN","Owner",1,0
453739,"1001030599",8581071,"LFI","Life Insured",1,20340501
453739,"1001030599",8581071,"OWN","Owner",1,0
453739,"1000681793",8587373,"LFI","Life Insured",1,20391201
453739,"1000681793",8587373,"OWN","Owner",1,0
453739,"1000922776",8594548,"LFI","Life Insured",1,20370301
453739,"1000922776",8594548,"OWN","Owner",1,0
453739,"1000035232",9241400,"LFI","Life Insured",1,20220601
453739,"1000035232",9241400,"OWN","Owner",1,0
453739,"1000556969",9829219,"LFI","Life Insured",1,20341031
453739,"1000556969",9829219,"OWN","Owner",1,0
453739,"1000568188",9837707,"LFI","Life Insured",1,20210131
453739,"1000568188",9837707,"OWN","Owner",1,0
453739,"1000503981",9854628,"LFI","Life Insured",1,20340831
453739,"1000503981",9854628,"OWN","Owner",1,0
453739,"1000572913",9887432,"LFI","Life Insured",1,20350331
453739,"1000572913",9887432,"OWN","Owner",1,0
453739,"1000423960",9895910,"LFI","Life Insured",1,20270430
453739,"1000423960",9895910,"OWN","Owner",1,0
453739,"1000561802",9911209,"LFI","Life Insured",1,20341130
453739,"1000561802",9911209,"OWN","Owner",1,0
453739,"1000561804",9911209,"LFI","Life Insured",2,20341130
453739,"1000561804",9911209,"OWN","Owner",2,0
453739,"1000473168",9915513,"LFI","Life Insured",1,20280229
453739,"1000473168",9915513,"OWN","Owner",1,0
453739,"1000474870",9921499,"LFI","Life Insured",1,20280229
453739,"1000474870",9921499,"OWN","Owner",1,0
453739,"1000475693",9924366,"LFI","Life Insured",1,20260228
453739,"1000475693",9924366,"OWN","Owner",1,0
453739,"1000473168",9927578,"LFI","Life Insured",1,20280229
453739,"1000477463",9927578,"OWN","Owner",1,0
453739,"1000577297",9946854,"LFI","Life Insured",1,20300531
453739,"1000577297",9946854,"OWN","Owner",1,0
453739,"1000523408",9949354,"LFI","Life Insured",1,20290131
453739,"1000523408",9949354,"OWN","Owner",1,0
453739,"1000488666",9974854,"LFI","Life Insured",1,20230430
453739,"1000488666",9974854,"OWN","Owner",1,0
453739,"1000553163",9983235,"LFI","Life Insured",1,20250930
453739,"1000553163",9983235,"OWN","Owner",1,0
